<component name="libraryTable">
  <library name="openjdk.jmh.generator.annprocess" type="repository">
    <properties maven-id="org.openjdk.jmh:jmh-generator-annprocess:1.36" />
    <CLASSES>
      <root url="jar://$MAVEN_REPOSITORY$/org/openjdk/jmh/jmh-generator-annprocess/1.36/jmh-generator-annprocess-1.36.jar!/" />
      <root url="jar://$MAVEN_REPOSITORY$/org/openjdk/jmh/jmh-core/1.36/jmh-core-1.36.jar!/" />
      <root url="jar://$MAVEN_REPOSITORY$/net/sf/jopt-simple/jopt-simple/5.0.4/jopt-simple-5.0.4.jar!/" />
      <root url="jar://$MAVEN_REPOSITORY$/org/apache/commons/commons-math3/3.2/commons-math3-3.2.jar!/" />
    </CLASSES>
    <JAVADOC />
    <SOURCES />
  </library>
</component>